{
  "port": 8081,
  "probes": [
    {
      "title": "Kanal 1",
      "channel": 0,
      "maxvalue": 4096,
      "resistor": 47,
      "a": 0.00334519,
      "b": 0.000243825,
      "c": 0.00000261726,
      "rn": 220,
      "adjust": 1.105,
      "icon": "fa-sign-in",
      "color": "bg-green"
    },
    {
      "title": "Kanal 2",
      "channel": 1,
      "maxvalue": 4096,
      "resistor": 47,
      "a": 0.00334519,
      "b": 0.000243825,
      "c": 0.00000261726,
      "rn": 220,
      "adjust": 1.105,
      "icon": "fa-sign-out",
      "color": "bg-aqua"
    },
    {
      "title": "Kanal 3",
      "channel": 2,
      "maxvalue": 4096,
      "resistor": 47,
      "a": 0.00334519,
      "b": 0.000243825,
      "c": 0.00000261726,
      "rn": 220,
      "adjust": 1.105,
      "icon": "fa-sign-out",
      "color": "bg-aqua"
    },
    {
      "title": "Kanal 4",
      "channel": 3,
      "maxvalue": 4096,
      "resistor": 47,
      "a": 0.00334519,
      "b": 0.000243825,
      "c": 0.00000261726,
      "rn": 220,
      "adjust": 1.105,
      "icon": "fa-sign-out",
      "color": "bg-aqua"
    }
  ]
}
