{
  "port": 8081,
  "probes": [
    {
      "title": "Fantast Ch#0",
      "channel": 0,
      "maxvalue": 4096,
      "resistor": 47,
      "a": 0.00334519,
      "b": 0.000243825,
      "c": 0.00000261726,
      "rn": 220,
      "adjust": 1.105,
      "icon": "fa-sign-in",
      "color": "bg-aqua"
    },
    {
      "title": "Fantast Ch#1",
      "channel": 1,
      "maxvalue": 4096,
      "resistor": 47,
      "a": 0.00334519,
      "b": 0.000243825,
      "c": 0.00000261726,
      "rn": 220,
      "adjust": 1.105,
      "icon": "fa-sign-out",
      "color": "bg-blue "
    }
  ]
}
